Series;Text;;;
MFIT130EVO2;Das Einsteigersystem von AUDIO SYSTEM jetzt dank einfachem Einbau auch für dein [MARKE] [MODELL] [TYP] bestens geeignet, um kraftvollen Sound an den Start zu bringen. Neu entwickelte Technologie und ausgereifte Antriebskonstruktion steigern Wirkungsgrad sowie die Klangqualität. In dieser Preisklasse der Geheimtipp – das Prädikat „Best Product“ wurde nicht umsonst von den Profis vergeben.;;;
XFIT130EVO2;Unschlagbar in Preis und Performance bietet die X EVO2 SERIE neue Maßstäbe in Sachen Klang, Ausstattung und Effizienz – sicher auch bald in deinem [MARKE] [MODELL] [TYP]. Präzise Anschläge, fein auflösender Sound und Spitzenpegel sind kein Zufall bei einer 3-fach einstellbaren Weiche und kraftvollsten Tief- und Mitteltönern. Schnell und einfach eingebaut ist fortwährender Musikgenuss garantiert.;;;
MFIT165EVO2;Das Einsteigersystem von AUDIO SYSTEM jetzt dank einfachem Einbau auch für dein [MARKE] [MODELL] [TYP] bestens geeignet, um kraftvollen Sound an den Start zu bringen. Neu entwickelte Technologie und ausgereifte Antriebskonstruktion steigern Wirkungsgrad sowie die Klangqualität. In dieser Preisklasse der Geheimtipp – das Prädikat „Best Product“ wurde nicht umsonst von den Profis vergeben.;;;
XFIT165EVO2;Unschlagbar in Preis und Performance bietet die X EVO2 SERIE neue Maßstäbe in Sachen Klang, Ausstattung und Effizienz – sicher auch bald in deinem [MARKE] [MODELL] [TYP]. Präzise Anschläge, fein auflösender Sound und Spitzenpegel sind kein Zufall bei einer 3-fach einstellbaren Weiche und kraftvollsten Tief- und Mitteltönern. Schnell und einfach eingebaut ist fortwährender Musikgenuss garantiert.;;;
RFIT200EVO2;Lust auf ein Bassfeuerwerk in deinem  [MARKE] [MODELL] [TYP]? Nicht nur dies, bietet allen Grund sich für ein System der R-EVO SERIE zu entscheiden, auch der überdurchschnittliche Klang, der dank aufwendig abgestimmter Frequenzweichen und einer verbesserte Membran-Gewebestruktur garantiert ist! Aufwändiger Einbau? Hier habt ihr dank unserer intelligenten Plug & Play Lösungen nichts zu befürchten!;;;
XFIT200EVO2;Unschlagbar in Preis und Performance bietet die X EVO SERIE neue Maßstäbe in Sachen Klang, Ausstattung und Effizienz – sicher auch bald in deinem  [MARKE] [MODELL] [TYP]. Präzise Anschläge, fein auflösender Sound und Spitzenpegel sind kein Zufall bei einer 3-fach einstellbaren Weiche und kraftvollsten Tief- und Mitteltönern. Schnell und einfach eingebaut ist fortwährender Musikgenuss garantiert.;;;
XFIT2EVO2;Unschlagbar in Preis und Performance bietet die X EVO SERIE neue Maßstäbe in Sachen Klang, Ausstattung und Effizienz – sicher auch bald in deinem [MARKE] [MODELL] [TYP]. Präzise Anschläge, fein auflösender Sound und Spitzenpegel sind kein Zufall bei einer 3-fach einstellbaren Weiche und kraftvollsten Tief- und Mitteltönern. Schnell und einfach eingebaut ist fortwährender Musikgenuss garantiert.;;;
XFITMERCEDESEVO;Der passgenaue Edel COAX – für alle High End Suchende, die einzig richtige Wahl für Euren [MARKE] [MODELL] [TYP]! Im kompakten Gewand bietet dieses Koaxial System authentischen audiophilen Klang mit vorzüglichem Sound. Die denkbar einfache Montage erlaubt eine schnelle Verbesserung aller bisherigen Klangeigenschaften.;;;
COFITCOAXMERCEDESEVO;Dank einfachster Installation bietet euch diese Plug und Play Koaxial Lösung für den  [MARKE] [MODELL] [TYP] eine Klangdimension, die dank richtig guter Detailauflösung das Herz höher schlagen lassen – den Geldbeutel aber nicht belasten. Ein gelungenes rundum Sorglos Paket, gepaart mit jeder Menge gutem Sound!;;;
COFITMERCEDESEVO;Dank einfachster Installation bietet euch diese Plug und Play Koaxial Lösung für den [MARKE] [MODELL] [TYP] eine Klangdimension, die dank richtig guter Detailauflösung das Herz höher schlagen lassen – den Geldbeutel aber nicht belasten. Ein gelungenes rundum Sorglos Paket, gepaart mit jeder Menge gutem Sound!;;;
MFITMERCEDESEVO;Das Einsteigersystem von AUDIO SYSTEM jetzt dank einfachem Einbau auch für dein [MARKE] [MODELL] [TYP] bestens geeignet, um kraftvollen Sound an den Start zu bringen. Neu entwickelte Technologie und ausgereifte Antriebskonstruktion steigern Wirkungsgrad sowie die Klangqualität. In dieser Preisklasse der Geheimtipp – das Prädikat „Best Product“ wurde nicht umsonst von den Profis vergeben.;;;
XCFIT406EVO;Der passgenaue Edel COAX – für alle High End Suchende, die einzig richtige Wahl für Euren [MARKE] [MODELL] [TYP]! Im kompakten Gewand bietet dieses Koaxial System authentischen audiophilen Klang mit vorzüglichem Sound. Die denkbar einfache Montage erlaubt eine schnelle Verbesserung aller bisherigen Klangeigenschaften.;;;
COFIT120EVO;Dank einfachster Installation bietet euch diese Plug und Play Koaxial Lösung für den [MARKE] [MODELL] [TYP] eine Klangdimension, die dank richtig guter Detailauflösung das Herz höher schlagen lassen – den Geldbeutel aber nicht belasten. Ein gelungenes rundum Sorglos Paket, gepaart mit jeder Menge gutem Sound!;;;
XCFIT120EVO;Der passgenaue Edel COAX – für alle High End Suchende, die einzig richtige Wahl für Euren [MARKE] [MODELL] [TYP]! Im kompakten Gewand bietet dieses Koaxial System authentischen audiophilen Klang mit vorzüglichem Sound. Die denkbar einfache Montage erlaubt eine schnelle Verbesserung aller bisherigen Klangeigenschaften.;;;
MFIT08EVO2;Das Einsteigersystem von AUDIO SYSTEM jetzt dank einfachem Einbau auch für dein [MARKE] [MODELL] [TYP] bestens geeignet, um kraftvollen Sound an den Start zu bringen. Neu entwickelte Technologie und ausgereifte Antriebskonstruktion steigern Wirkungsgrad sowie die Klangqualität. In dieser Preisklasse der Geheimtipp – das Prädikat „Best Product“ wurde nicht umsonst von den Profis vergeben.;;;
MFIT2EVO2;Das Einsteigersystem von AUDIO SYSTEM jetzt dank einfachem Einbau auch für dein [MARKE] [MODELL] [TYP] bestens geeignet, um kraftvollen Sound an den Start zu bringen. Neu entwickelte Technologie und ausgereifte Antriebskonstruktion steigern Wirkungsgrad sowie die Klangqualität. In dieser Preisklasse der Geheimtipp – das Prädikat „Best Product“ wurde nicht umsonst von den Profis vergeben.;;;
MXCFIT165EVO;;;;
COFIT165EVO;;;;
XCFIT165EVO;;;;
