Series;Text
MFIT130EVO2;The entry-level system from AUDIO SYSTEM is now, thanks to its simple installation, also ideally suited for your [MARKE] [MODELL] [TYP] to bring powerful sound to the start. Newly developed technology and sophisticated drive construction increase efficiency and sound quality. The insider tip in this price class – the “Best Product” rating was not awarded by the professionals for no reason.
XFIT130EVO2;Unbeatable in terms of price and performance, the X EVO2 SERIES offers new standards in terms of sound, features and efficiency – and soon it will also be in your [MARKE] [MODELL] [TYP]. Precise keystrokes, finely resolved sound and peak levels are no coincidence with a 3-way adjustable crossover and the most powerful woofers and midrange speakers. Continuous music enjoyment is guaranteed quickly and easily.
MFIT165EVO2;The entry-level system from AUDIO SYSTEM is now, thanks to its simple installation, also ideally suited for your [MARKE] [MODELL] [TYP] to bring powerful sound to the start. Newly developed technology and sophisticated drive construction increase efficiency and sound quality. The insider tip in this price class – the “Best Product” rating was not awarded by the professionals for no reason.
XFIT165EVO2;Unbeatable in terms of price and performance, the X EVO SERIES offers new standards in terms of sound, features and efficiency – and soon it will also be in your [MARKE] [MODELL] [TYP]. Precise keystrokes, finely resolved sound and peak levels are no coincidence with a 3-way adjustable crossover and the most powerful woofers and midrange speakers. Continuous music enjoyment is guaranteed quickly and easily.
RFIT200EVO2;Do you fancy bass fireworks in your [MARKE] [MODELL] [TYP]? Not only this, there is every reason to opt for a system from the R-EVO SERIES, also the above-average sound, which is guaranteed thanks to elaborately coordinated crossovers and an improved membrane fabric structure! Complex installation? Thanks to our intelligent plug & play solutions you have nothing to fear here!
XFIT200EVO2;Unbeatable in terms of price and performance, the X EVO SERIES offers new standards in terms of sound, features and efficiency – and soon it will also be in your [MARKE] [MODELL] [TYP]. Precise keystrokes, finely resolved sound and peak levels are no coincidence with a 48-way adjustable crossover and the most powerful woofers and midrange speakers. Continuous music enjoyment is guaranteed quickly and easily.
XFIT2EVO2;Unbeatable in terms of price and performance, the X EVO SERIES offers new standards in terms of sound, features and efficiency – and soon it will also be in your [MARKE] [MODELL] [TYP]. Precise keystrokes, finely resolved sound and peak levels are no coincidence with a 3-way adjustable crossover and the most powerful woofers and midrange speakers. Continuous music enjoyment is guaranteed quickly and easily.
XFITMERCEDESEVO;The tailor-made noble COAX – for all high-end seekers, the only right choice for your [MARKE] [MODELL] [TYP]! In a compact design, this coaxial system offers authentic audiophile sound with excellent sound. The extremely simple assembly allows a quick improvement of all previous sound properties.
COFITCOAXMERCEDESEVO;Thanks to the simplest installation, this plug and play coaxial solution for the [MARKE] [MODELL] [TYP] offers you a sound dimension that makes your heart beat faster thanks to the really good detail resolution – but does not burden your wallet. A successful all-round carefree package, paired with lots of good sound!
COFITMERCEDESEVO;Thanks to the simplest installation, this plug and play coaxial solution for the [MARKE] [MODELL] [TYP] offers you a sound dimension that makes your heart beat faster thanks to the really good detail resolution – but does not burden your wallet. A successful all-round carefree package, paired with lots of good sound!
MFITMERCEDESEVO;The entry-level system from AUDIO SYSTEM is now, thanks to its simple installation, also ideally suited for your [MARKE] [MODELL] [TYP] to bring powerful sound to the start. Newly developed technology and sophisticated drive construction increase efficiency and sound quality. The insider tip in this price class – the “Best Product” rating was not awarded by the professionals for no reason.
XCFIT406EVO;The tailor-made noble COAX – for all high-end seekers, the only right choice for your [MARKE] [MODELL] [TYP]! In a compact design, this coaxial system offers authentic audiophile sound with excellent sound. The extremely simple assembly allows a quick improvement of all previous sound properties.
COFIT120EVO;Thanks to the simplest installation, this plug and play coaxial solution for the [MARKE] [MODELL] [TYP] offers you a sound dimension that makes your heart beat faster thanks to the really good detail resolution – but does not burden your wallet. A successful all-round carefree package, paired with lots of good sound!
XCFIT120EVO;The tailor-made noble COAX – for all high-end seekers, the only right choice for your [MARKE] [MODELL] [TYP]! In a compact design, this coaxial system offers authentic audiophile sound with excellent sound. The extremely simple assembly allows a quick improvement of all previous sound properties.
MFIT08EVO2;The entry-level system from AUDIO SYSTEM is now, thanks to its simple installation, also ideally suited for your [MARKE] [MODELL] [TYP] to bring powerful sound to the start. Newly developed technology and sophisticated drive construction increase efficiency and sound quality. The insider tip in this price class – the “Best Product” rating was not awarded by the professionals for no reason.
MFIT2EVO2;The entry-level system from AUDIO SYSTEM is now, thanks to its simple installation, also ideally suited for your [MARKE] [MODELL] [TYP] to bring powerful sound to the start. Newly developed technology and sophisticated drive construction increase efficiency and sound quality. The insider tip in this price class – the “Best Product” rating was not awarded by the professionals for no reason.
MXCFIT165EVO;
COFIT165EVO;
XCFIT165EVO;
